Trading Day,Year,Month,Day,Weekday
2021-01-04,2021,1,4,Monday
2021-01-05,2021,1,5,Tuesday
2021-01-06,2021,1,6,Wednesday
2021-01-07,2021,1,7,Thursday
2021-01-08,2021,1,8,Friday
2021-01-11,2021,1,11,Monday
2021-01-12,2021,1,12,Tuesday
2021-01-13,2021,1,13,Wednesday
2021-01-14,2021,1,14,Thursday
2021-01-15,2021,1,15,Friday
2021-01-19,2021,1,19,Tuesday
2021-01-20,2021,1,20,Wednesday
2021-01-21,2021,1,21,Thursday
2021-01-22,2021,1,22,Friday
2021-01-25,2021,1,25,Monday
2021-01-26,2021,1,26,Tuesday
2021-01-27,2021,1,27,Wednesday
2021-01-28,2021,1,28,Thursday
2021-01-29,2021,1,29,Friday
2021-04-01,2021,1,1,Thursday
2021-04-02,2021,1,2,Friday
2021-04-05,2021,1,5,Monday
2021-04-06,2021,1,6,Tuesday
2021-04-07,2021,1,7,Wednesday
2021-04-08,2021,1,8,Thursday
2021-04-09,2021,1,9,Friday
2021-04-12,2021,1,12,Monday
2021-04-13,2021,1,13,Tuesday
2021-04-14,2021,1,14,Wednesday
2021-04-15,2021,1,15,Thursday
2021-04-16,2021,1,16,Friday
2021-04-19,2021,1,19,Monday
2021-04-20,2021,1,20,Tuesday
2021-04-21,2021,1,21,Wednesday
2021-04-22,2021,1,22,Thursday
2021-04-23,2021,1,23,Friday
2021-04-26,2021,1,26,Monday
2021-04-27,2021,1,27,Tuesday
2021-04-28,2021,1,28,Wednesday
2021-04-29,2021,1,29,Thursday
2021-04-30,2021,1,30,Friday
2021-07-01,2021,1,1,Thursday
2021-07-02,2021,1,2,Friday
2021-07-06,2021,1,6,Tuesday
2021-07-07,2021,1,7,Wednesday
2021-07-08,2021,1,8,Thursday
2021-07-09,2021,1,9,Friday
2021-07-12,2021,1,12,Monday
2021-07-13,2021,1,13,Tuesday
2021-07-14,2021,1,14,Wednesday
2021-07-15,2021,1,15,Thursday
2021-07-16,2021,1,16,Friday
2021-07-19,2021,1,19,Monday
2021-07-20,2021,1,20,Tuesday
2021-07-21,2021,1,21,Wednesday
2021-07-22,2021,1,22,Thursday
2021-07-23,2021,1,23,Friday
2021-07-26,2021,1,26,Monday
2021-07-27,2021,1,27,Tuesday
2021-07-28,2021,1,28,Wednesday
2021-07-29,2021,1,29,Thursday
2021-07-30,2021,1,30,Friday
2021-10-01,2021,1,1,Friday
2021-10-04,2021,1,4,Monday
2021-10-05,2021,1,5,Tuesday
2021-10-06,2021,1,6,Wednesday
2021-10-07,2021,1,7,Thursday
2021-10-08,2021,1,8,Friday
2021-10-12,2021,1,12,Tuesday
2021-10-13,2021,1,13,Wednesday
2021-10-14,2021,1,14,Thursday
2021-10-15,2021,1,15,Friday
2021-10-18,2021,1,18,Monday
2021-10-19,2021,1,19,Tuesday
2021-10-20,2021,1,20,Wednesday
2021-10-21,2021,1,21,Thursday
2021-10-22,2021,1,22,Friday
2021-10-25,2021,1,25,Monday
2021-10-26,2021,1,26,Tuesday
2021-10-27,2021,1,27,Wednesday
2021-10-28,2021,1,28,Thursday
2021-10-29,2021,1,29,Friday
2022-01-03,2022,1,3,Monday
2022-01-04,2022,1,4,Tuesday
2022-01-05,2022,1,5,Wednesday
2022-01-06,2022,1,6,Thursday
2022-01-07,2022,1,7,Friday
2022-01-10,2022,1,10,Monday
2022-01-11,2022,1,11,Tuesday
2022-01-12,2022,1,12,Wednesday
2022-01-13,2022,1,13,Thursday
2022-01-14,2022,1,14,Friday
2022-01-18,2022,1,18,Tuesday
2022-01-19,2022,1,19,Wednesday
2022-01-20,2022,1,20,Thursday
2022-01-21,2022,1,21,Friday
2022-01-24,2022,1,24,Monday
2022-01-25,2022,1,25,Tuesday
2022-01-26,2022,1,26,Wednesday
2022-01-27,2022,1,27,Thursday
2022-01-28,2022,1,28,Friday
2022-01-31,2022,4,31,Monday
2022-04-01,2022,4,1,Friday
2022-04-04,2022,4,4,Monday
2022-04-05,2022,4,5,Tuesday
2022-04-06,2022,4,6,Wednesday
2022-04-07,2022,4,7,Thursday
2022-04-08,2022,4,8,Friday
2022-04-11,2022,4,11,Monday
2022-04-12,2022,4,12,Tuesday
2022-04-13,2022,4,13,Wednesday
2022-04-14,2022,4,14,Thursday
2022-04-15,2022,4,15,Friday
2022-04-18,2022,4,18,Monday
2022-04-19,2022,4,19,Tuesday
2022-04-20,2022,4,20,Wednesday
2022-04-21,2022,4,21,Thursday
2022-04-22,2022,4,22,Friday
2022-04-25,2022,4,25,Monday
2022-04-26,2022,4,26,Tuesday
2022-04-27,2022,4,27,Wednesday
2022-04-28,2022,4,28,Thursday
2022-04-29,2022,4,29,Friday
2022-07-01,2022,4,1,Friday
2022-07-05,2022,4,5,Tuesday
2022-07-06,2022,4,6,Wednesday
2022-07-07,2022,4,7,Thursday
2022-07-08,2022,4,8,Friday
2022-07-11,2022,4,11,Monday
2022-07-12,2022,4,12,Tuesday
2022-07-13,2022,4,13,Wednesday
2022-07-14,2022,4,14,Thursday
2022-07-15,2022,4,15,Friday
2022-07-18,2022,4,18,Monday
2022-07-19,2022,4,19,Tuesday
2022-07-20,2022,4,20,Wednesday
2022-07-21,2022,4,21,Thursday
2022-07-22,2022,4,22,Friday
2022-07-25,2022,4,25,Monday
2022-07-26,2022,4,26,Tuesday
2022-07-27,2022,4,27,Wednesday
2022-07-28,2022,4,28,Thursday
2022-07-29,2022,4,29,Friday
2022-10-03,2022,4,3,Monday
2022-10-04,2022,4,4,Tuesday
2022-10-05,2022,4,5,Wednesday
2022-10-06,2022,4,6,Thursday
2022-10-07,2022,4,7,Friday
2022-10-11,2022,4,11,Tuesday
2022-10-12,2022,4,12,Wednesday
2022-10-13,2022,4,13,Thursday
2022-10-14,2022,4,14,Friday
2022-10-17,2022,4,17,Monday
2022-10-18,2022,4,18,Tuesday
2022-10-19,2022,4,19,Wednesday
2022-10-20,2022,4,20,Thursday
2022-10-21,2022,4,21,Friday
2022-10-24,2022,4,24,Monday
2022-10-25,2022,4,25,Tuesday
2022-10-26,2022,4,26,Wednesday
2022-10-27,2022,4,27,Thursday
2022-10-28,2022,4,28,Friday
2022-10-31,2022,4,31,Monday
2023-01-03,2023,4,3,Tuesday
2023-01-04,2023,4,4,Wednesday
2023-01-05,2023,4,5,Thursday
2023-01-06,2023,4,6,Friday
2023-01-09,2023,4,9,Monday
2023-01-10,2023,4,10,Tuesday
2023-01-11,2023,4,11,Wednesday
2023-01-12,2023,4,12,Thursday
2023-01-13,2023,4,13,Friday
2023-01-17,2023,4,17,Tuesday
2023-01-18,2023,4,18,Wednesday
2023-01-19,2023,4,19,Thursday
2023-01-20,2023,4,20,Friday
2023-01-23,2023,4,23,Monday
2023-01-24,2023,4,24,Tuesday
2023-01-25,2023,4,25,Wednesday
2023-01-26,2023,4,26,Thursday
2023-01-27,2023,4,27,Friday
2023-01-30,2023,4,30,Monday
2023-01-31,2023,4,31,Tuesday
2023-04-03,2023,4,3,Monday
2023-04-04,2023,4,4,Tuesday
2023-04-05,2023,4,5,Wednesday
2023-04-06,2023,4,6,Thursday
2023-04-07,2023,4,7,Friday
2023-04-10,2023,4,10,Monday
2023-04-11,2023,4,11,Tuesday
2023-04-12,2023,4,12,Wednesday
2023-04-13,2023,4,13,Thursday
2023-04-14,2023,4,14,Friday
2023-04-17,2023,4,17,Monday
2023-04-18,2023,4,18,Tuesday
2023-04-19,2023,4,19,Wednesday
2023-04-20,2023,4,20,Thursday
2023-04-21,2023,4,21,Friday
2023-04-24,2023,4,24,Monday
2023-04-25,2023,4,25,Tuesday
2023-04-26,2023,4,26,Wednesday
2023-04-27,2023,4,27,Thursday
2023-04-28,2023,4,28,Friday
2023-07-03,2023,4,3,Monday
2023-07-05,2023,4,5,Wednesday
2023-07-06,2023,4,6,Thursday
2023-07-07,2023,4,7,Friday
2023-07-10,2023,4,10,Monday
2023-07-11,2023,7,11,Tuesday
2023-07-12,2023,7,12,Wednesday
2023-07-13,2023,7,13,Thursday
2023-07-14,2023,7,14,Friday
2023-07-17,2023,7,17,Monday
2023-07-18,2023,7,18,Tuesday
2023-07-19,2023,7,19,Wednesday
2023-07-20,2023,7,20,Thursday
2023-07-21,2023,7,21,Friday
2023-07-24,2023,7,24,Monday
2023-07-25,2023,7,25,Tuesday
2023-07-26,2023,7,26,Wednesday
2023-07-27,2023,7,27,Thursday
2023-07-28,2023,7,28,Friday
2023-07-31,2023,7,31,Monday
2023-10-02,2023,7,2,Monday
2023-10-03,2023,7,3,Tuesday
2023-10-04,2023,7,4,Wednesday
2023-10-05,2023,7,5,Thursday
2023-10-06,2023,7,6,Friday
2023-10-10,2023,7,10,Tuesday
2023-10-11,2023,7,11,Wednesday
2023-10-12,2023,7,12,Thursday
2023-10-13,2023,7,13,Friday
2023-10-16,2023,7,16,Monday
2023-10-17,2023,7,17,Tuesday
2023-10-18,2023,7,18,Wednesday
2023-10-19,2023,7,19,Thursday
2023-10-20,2023,7,20,Friday
2023-10-23,2023,7,23,Monday
2023-10-24,2023,7,24,Tuesday
2023-10-25,2023,7,25,Wednesday
2023-10-26,2023,7,26,Thursday
2023-10-27,2023,7,27,Friday
2023-10-30,2023,7,30,Monday
2023-10-31,2023,7,31,Tuesday
2024-01-02,2024,7,2,Tuesday
2024-01-03,2024,7,3,Wednesday
2024-01-04,2024,7,4,Thursday
2024-01-05,2024,7,5,Friday
2024-01-08,2024,7,8,Monday
2024-01-09,2024,7,9,Tuesday
2024-01-10,2024,7,10,Wednesday
2024-01-11,2024,7,11,Thursday
2024-01-12,2024,7,12,Friday
2024-01-16,2024,7,16,Tuesday
2024-01-17,2024,7,17,Wednesday
2024-01-18,2024,7,18,Thursday
2024-01-19,2024,7,19,Friday
2024-01-22,2024,7,22,Monday
2024-01-23,2024,7,23,Tuesday
2024-01-24,2024,7,24,Wednesday
2024-01-25,2024,7,25,Thursday
2024-01-26,2024,7,26,Friday
2024-01-29,2024,7,29,Monday
2024-01-30,2024,7,30,Tuesday
2024-01-31,2024,7,31,Wednesday
2024-04-01,2024,7,1,Monday
2024-04-02,2024,7,2,Tuesday
2024-04-03,2024,7,3,Wednesday
2024-04-04,2024,7,4,Thursday
2024-04-05,2024,7,5,Friday
2024-04-08,2024,7,8,Monday
2024-04-09,2024,7,9,Tuesday
2024-04-10,2024,7,10,Wednesday
2024-04-11,2024,7,11,Thursday
2024-04-12,2024,7,12,Friday
2024-04-15,2024,7,15,Monday
2024-04-16,2024,7,16,Tuesday
2024-04-17,2024,7,17,Wednesday
2024-04-18,2024,7,18,Thursday
2024-04-19,2024,7,19,Friday
2024-04-22,2024,7,22,Monday
2024-04-23,2024,7,23,Tuesday
2024-04-24,2024,7,24,Wednesday
2024-04-25,2024,7,25,Thursday
2024-04-26,2024,7,26,Friday
2024-04-29,2024,7,29,Monday
2024-04-30,2024,7,30,Tuesday
2024-07-01,2024,7,1,Monday
2024-07-02,2024,7,2,Tuesday
2024-07-03,2024,7,3,Wednesday
2024-07-05,2024,7,5,Friday
2024-07-08,2024,7,8,Monday
2024-07-09,2024,7,9,Tuesday
2024-07-10,2024,7,10,Wednesday
2024-07-11,2024,7,11,Thursday
2024-07-12,2024,7,12,Friday
2024-07-15,2024,7,15,Monday
2024-07-16,2024,7,16,Tuesday
2024-07-17,2024,7,17,Wednesday
2024-07-18,2024,7,18,Thursday
2024-07-19,2024,7,19,Friday
2024-07-22,2024,7,22,Monday
2024-07-23,2024,7,23,Tuesday
2024-07-24,2024,7,24,Wednesday
2024-07-25,2024,7,25,Thursday
2024-07-26,2024,7,26,Friday
2024-07-29,2024,7,29,Monday
2024-07-30,2024,7,30,Tuesday
2024-07-31,2024,7,31,Wednesday
2024-10-01,2024,7,1,Tuesday
2024-10-02,2024,7,2,Wednesday
2024-10-03,2024,7,3,Thursday
2024-10-04,2024,7,4,Friday
2024-10-07,2024,10,7,Monday
2024-10-08,2024,10,8,Tuesday
2024-10-09,2024,10,9,Wednesday
2024-10-10,2024,10,10,Thursday
2024-10-11,2024,10,11,Friday
2024-10-15,2024,10,15,Tuesday
2024-10-16,2024,10,16,Wednesday
2024-10-17,2024,10,17,Thursday
2024-10-18,2024,10,18,Friday
2024-10-21,2024,10,21,Monday
2024-10-22,2024,10,22,Tuesday
2024-10-23,2024,10,23,Wednesday
2024-10-24,2024,10,24,Thursday
2024-10-25,2024,10,25,Friday
2024-10-28,2024,10,28,Monday
2024-10-29,2024,10,29,Tuesday
2024-10-30,2024,10,30,Wednesday
2024-10-31,2024,10,31,Thursday
2025-01-02,2025,10,2,Thursday
2025-01-03,2025,10,3,Friday
2025-01-06,2025,10,6,Monday
2025-01-07,2025,10,7,Tuesday
2025-01-08,2025,10,8,Wednesday
2025-01-09,2025,10,9,Thursday
2025-01-10,2025,10,10,Friday
2025-01-13,2025,10,13,Monday
2025-01-14,2025,10,14,Tuesday
2025-01-15,2025,10,15,Wednesday
2025-01-16,2025,10,16,Thursday
2025-01-17,2025,10,17,Friday
2025-01-21,2025,10,21,Tuesday
2025-01-22,2025,10,22,Wednesday
2025-01-23,2025,10,23,Thursday
2025-01-24,2025,10,24,Friday
2025-01-27,2025,10,27,Monday
2025-01-28,2025,10,28,Tuesday
2025-01-29,2025,10,29,Wednesday
2025-01-30,2025,10,30,Thursday
2025-01-31,2025,10,31,Friday
2025-04-01,2025,10,1,Tuesday
2025-04-02,2025,10,2,Wednesday
2025-04-03,2025,10,3,Thursday
2025-04-04,2025,10,4,Friday
2025-04-07,2025,10,7,Monday
2025-04-08,2025,10,8,Tuesday
2025-04-09,2025,10,9,Wednesday
2025-04-10,2025,10,10,Thursday
2025-04-11,2025,10,11,Friday
2025-04-14,2025,10,14,Monday
2025-04-15,2025,10,15,Tuesday
2025-04-16,2025,10,16,Wednesday
2025-04-17,2025,10,17,Thursday
2025-04-18,2025,10,18,Friday
2025-04-21,2025,10,21,Monday
2025-04-22,2025,10,22,Tuesday
2025-04-23,2025,10,23,Wednesday
2025-04-24,2025,10,24,Thursday
2025-04-25,2025,10,25,Friday
2025-04-28,2025,10,28,Monday
2025-04-29,2025,10,29,Tuesday
2025-04-30,2025,10,30,Wednesday
2025-07-01,2025,10,1,Tuesday
2025-07-02,2025,10,2,Wednesday
2025-07-03,2025,10,3,Thursday
2025-07-07,2025,10,7,Monday
2025-07-08,2025,10,8,Tuesday
2025-07-09,2025,10,9,Wednesday
2025-07-10,2025,10,10,Thursday
2025-07-11,2025,10,11,Friday
2025-07-14,2025,10,14,Monday
2025-07-15,2025,10,15,Tuesday
2025-07-16,2025,10,16,Wednesday
2025-07-17,2025,10,17,Thursday
2025-07-18,2025,10,18,Friday
2025-07-21,2025,10,21,Monday
2025-07-22,2025,10,22,Tuesday
2025-07-23,2025,10,23,Wednesday
2025-07-24,2025,10,24,Thursday
2025-07-25,2025,10,25,Friday
2025-07-28,2025,10,28,Monday
2025-07-29,2025,10,29,Tuesday
2025-07-30,2025,10,30,Wednesday
2025-07-31,2025,10,31,Thursday
2025-10-01,2025,10,1,Wednesday
2025-10-02,2025,10,2,Thursday
2025-10-03,2025,10,3,Friday
2025-10-06,2025,10,6,Monday
2025-10-07,2025,10,7,Tuesday
2025-10-08,2025,10,8,Wednesday
2025-10-09,2025,10,9,Thursday
2025-10-10,2025,10,10,Friday
2025-10-14,2025,10,14,Tuesday
2025-10-15,2025,10,15,Wednesday
2025-10-16,2025,10,16,Thursday
2025-10-17,2025,10,17,Friday
2025-10-20,2025,10,20,Monday
2025-10-21,2025,10,21,Tuesday
2025-10-22,2025,10,22,Wednesday
2025-10-23,2025,10,23,Thursday
2025-10-24,2025,10,24,Friday
2025-10-27,2025,10,27,Monday
2025-10-28,2025,10,28,Tuesday
2025-10-29,2025,10,29,Wednesday
2025-10-30,2025,10,30,Thursday
2025-10-31,2025,10,31,Friday