Date,Day_of_Week,Daily_Volatility_Swing
2021-03-03,Wednesday,4.34
2023-03-22,Wednesday,2.44
2022-03-03,Thursday,2.70
2025-03-07,Friday,3.47
2021-03-15,Monday,1.99
2023-03-13,Monday,6.96
2023-03-16,Thursday,4.52
2021-03-25,Thursday,3.74
2025-03-12,Wednesday,3.02
2025-03-27,Thursday,1.33
2022-06-01,Wednesday,2.35
2023-06-05,Monday,0.63
2022-06-29,Wednesday,1.51
2021-06-17,Thursday,2.51
2022-06-08,Wednesday,1.04
2023-06-20,Tuesday,0.81
2025-06-12,Thursday,1.44
2023-06-22,Thursday,1.25
2022-06-10,Friday,3.58
2023-06-13,Tuesday,0.59
2022-09-09,Friday,0.93
2021-09-08,Wednesday,1.86
2022-09-27,Tuesday,3.84
2022-09-30,Friday,3.86
2024-09-19,Thursday,1.06
2023-09-01,Friday,0.54
2023-09-28,Thursday,1.71
2022-09-19,Monday,2.39
2023-09-14,Thursday,0.67
2021-09-22,Wednesday,2.65
2021-12-08,Wednesday,3.26
2021-12-01,Wednesday,10.23
2022-12-08,Thursday,1.22
2025-12-16,Tuesday,1.42
2022-12-21,Wednesday,1.35
2025-12-26,Friday,0.77
2025-12-05,Friday,0.90
2021-12-20,Monday,4.54
2022-12-09,Friday,1.03
2024-12-12,Thursday,0.56
